{
  "pixels": [
    [
      375,
      163
    ],
    [
      377,
      340
    ],
    [
      382,
      462
    ],
    [
      321,
      283
    ],
    [
      323,
      404
    ],
    [
      321,
      346
    ],
    [
      258,
      407
    ],
    [
      261,
      465
    ],
    [
      442,
      405
    ],
    [
      74,
      234
    ]
  ],
  "worldXY": [
    [
      344.45928955078125,
      41.73514938354492
    ],
    [
      283.58746337890625,
      37.91541290283203
    ],
    [
      246.6361541748047,
      36.17977523803711
    ],
    [
      304.75860595703125,
      25.234390258789062
    ],
    [
      266.9914245605469,
      18.714876174926758
    ],
    [
      286.57220458984375,
      23.947622299194336
    ],
    [
      270.88153076171875,
      1.9897829294204712
    ],
    [
      246.87420654296875,
      -1.3664871454238892
    ],
    [
      264.600830078125,
      55.921085357666016
    ],
    [
      318.1500244140625,
      -49.890106201171875
    ]
  ]
}